rank,entrez_id,rw_score,type,degree
1,110454,1.0,DEG Seed,736
2,59069,0.683342939481268,DEG Seed,941
3,11857,0.6789790037052285,DEG Seed,748
4,66039,0.6784849732400164,DEG Seed,556
5,414758,0.6505393165911898,DEG Seed,133
6,14109,0.6080856319473034,DEG Seed,2533
7,11816,0.5919143680526966,DEG Seed,2450
8,14688,0.5682503087690408,DEG Seed,2041
9,170787,0.5328941951420337,DEG Seed,1005
10,14433,0.5311156854672705,DEG Seed,7664
